"user_id","age","subscription_plan","monthly_watch_hours","devices_used","customer_support_calls","used_promo","last_active_days_ago","will_churn"
1001,56,"Standard",102.83,1,2,False,67,False
1002,69,"Basic",42.34,4,5,False,79,True
1003,46,"Basic",248.16,3,5,True,63,False
1004,32,"Basic",232.12,1,7,True,29,False
1005,60,"Basic",137.29,4,1,True,35,False
1006,25,"Basic",211.3,1,0,False,66,False
1007,38,"Basic",132.63,1,3,True,85,False
1008,56,"Basic",157.78,5,6,False,85,True
1009,36,"Basic",26.84,4,9,False,48,True
1010,40,"Premium",190.04,3,2,False,75,False
1011,28,"Standard",36.29,3,2,True,54,False
1012,28,"Standard",207.39,4,4,False,84,True
1013,41,"Standard",196.6,5,4,True,55,False
1014,53,"Basic",178.64,2,9,False,67,True
1015,57,"Basic",13.86,1,2,False,43,False
1016,41,"Standard",79.27,5,8,True,30,True
1017,20,"Standard",69.46,4,3,False,57,True
1018,39,"Standard",93.23,1,2,False,86,True
1019,19,"Basic",26.47,3,1,False,52,False
1020,41,"Basic",234.55,2,9,True,83,True
1021,61,"Basic",140.68,3,8,False,78,True
1022,47,"Basic",79.85,4,3,False,22,False
1023,55,"Standard",102.26,1,2,False,27,False
1024,19,"Standard",114.56,4,6,False,15,False
1025,38,"Basic",152.15,1,7,True,36,True
1026,50,"Premium",131.34,5,1,False,20,False
1027,29,"Standard",230.25,2,6,False,78,True
1028,39,"Basic",126.76,5,4,False,16,False
1029,61,"Basic",248.08,5,4,False,36,False
1030,42,"Basic",213.6,4,2,True,76,False
1031,66,"Basic",56.09,2,4,True,18,False
1032,44,"Basic",233.0,1,1,True,29,False
1033,59,"Basic",33.51,1,3,True,44,False
1034,45,"Basic",205.28,3,5,False,17,False
1035,33,"Basic",98.25,1,0,True,77,True
1036,32,"Premium",220.1,4,9,True,61,True
1037,64,"Basic",217.67,5,3,False,35,False
1038,68,"Standard",202.45,5,5,False,83,True
1039,61,"Basic",198.56,5,8,False,51,False
1040,69,"Premium",79.65,2,1,False,18,False
1041,20,"Basic",24.83,1,6,True,43,False
1042,54,"Basic",103.73,4,5,False,6,False
1043,68,"Premium",47.51,2,1,False,43,False
1044,24,"Premium",175.26,3,7,True,67,True
1045,38,"Premium",89.79,4,6,False,33,False
1046,26,"Basic",244.02,4,4,False,65,False
1047,56,"Basic",162.04,4,4,True,68,False
1048,35,"Standard",206.51,5,6,True,54,False
1049,21,"Premium",37.47,4,8,True,9,False
1050,42,"Standard",216.19,1,8,True,41,False
1051,31,"Standard",231.08,4,8,False,40,False
1052,67,"Basic",124.33,5,5,False,76,True
1053,26,"Standard",153.53,4,9,True,68,False
1054,43,"Basic",192.38,3,5,False,9,False
1055,19,"Basic",47.84,3,2,False,9,False
1056,37,"Basic",128.13,5,0,False,59,True
1057,45,"Standard",102.67,1,6,False,50,False
1058,64,"Basic",40.86,1,3,True,20,False
1059,24,"Basic",95.05,2,0,False,7,False
1060,61,"Standard",21.7,5,7,False,64,True
1061,25,"Basic",11.32,4,5,False,77,True
1062,64,"Standard",38.12,5,5,False,84,True
1063,52,"Basic",240.96,2,1,True,29,False
1064,31,"Basic",139.63,5,0,False,84,False
1065,34,"Standard",241.63,5,1,True,48,False
1066,53,"Basic",110.96,2,3,False,8,False
1067,67,"Basic",81.39,1,1,False,16,False
1068,57,"Basic",129.0,4,0,True,68,False
1069,21,"Basic",112.68,2,6,False,57,True
1070,19,"Premium",30.89,3,7,True,56,False
1071,23,"Basic",162.0,1,5,False,61,False
1072,59,"Premium",57.93,3,3,False,51,True
1073,21,"Basic",156.8,1,5,False,60,False
1074,46,"Standard",164.3,4,2,False,39,False
1075,35,"Standard",42.25,4,7,False,37,False
1076,43,"Standard",20.03,5,9,False,42,False
1077,61,"Basic",196.29,3,1,False,62,False
1078,51,"Basic",117.65,1,4,False,18,False
1079,27,"Basic",19.25,4,0,True,49,True
1080,53,"Premium",248.74,2,5,False,32,False
1081,31,"Premium",19.16,4,1,True,12,False
1082,48,"Premium",175.28,2,3,False,77,True
1083,65,"Basic",246.0,1,5,True,61,False
1084,32,"Standard",63.6,4,9,True,42,True
1085,25,"Premium",39.85,4,7,False,48,True
1086,31,"Basic",34.74,1,7,False,35,False
1087,40,"Basic",79.3,4,5,True,9,False
1088,57,"Standard",29.76,2,3,True,5,False
1089,38,"Standard",174.58,4,7,False,56,True
1090,33,"Premium",20.26,3,7,False,0,False
1091,62,"Basic",129.81,5,9,True,70,False
1092,35,"Standard",249.19,2,0,True,57,False
1093,64,"Basic",204.42,3,3,False,20,False
1094,41,"Basic",155.73,1,3,True,79,False
1095,43,"Basic",80.03,2,6,False,55,False
1096,42,"Premium",157.85,5,6,False,86,True
1097,62,"Standard",134.13,5,7,False,19,False
1098,58,"Standard",109.39,1,4,True,53,True
1099,46,"Basic",37.02,1,6,False,24,False
1100,32,"Premium",222.22,2,7,False,27,False
1101,62,"Basic",115.2,4,8,False,4,False
1102,18,"Premium",52.68,1,2,False,20,False
1103,42,"Basic",95.1,4,2,False,17,False
1104,24,"Basic",106.46,3,3,False,46,False
1105,26,"Basic",207.75,5,4,False,69,False
1106,41,"Basic",184.74,4,9,False,56,False
1107,18,"Standard",193.48,5,0,False,18,False
1108,61,"Standard",7.7,4,6,False,64,True
1109,25,"Basic",106.96,3,8,True,2,False
1110,41,"Premium",122.93,1,7,False,41,False
1111,28,"Basic",9.7,3,4,False,20,False
1112,68,"Standard",68.65,1,3,True,39,False
1113,34,"Premium",191.27,1,6,True,66,False
1114,25,"Standard",38.59,5,4,False,24,False
1115,52,"Basic",136.15,3,6,False,54,True
1116,52,"Premium",57.72,4,0,False,83,True
1117,50,"Standard",7.97,3,0,True,51,False
1118,22,"Basic",64.09,5,9,False,43,False
1119,59,"Basic",244.09,1,2,True,84,False
1120,56,"Standard",201.38,5,1,False,55,False
1121,58,"Standard",240.1,2,1,True,54,False
1122,45,"Standard",124.52,2,6,True,86,True
1123,24,"Premium",31.89,4,9,True,69,False
1124,26,"Standard",139.25,5,1,True,76,True
1125,25,"Basic",116.32,4,3,True,86,True
1126,29,"Basic",211.87,4,1,True,72,False
1127,51,"Basic",29.03,2,5,False,80,True
1128,50,"Standard",124.62,4,7,False,65,True
1129,65,"Basic",41.76,2,9,True,18,False
1130,40,"Standard",84.55,1,3,False,82,True
1131,41,"Standard",185.65,5,4,True,6,False
1132,54,"Premium",121.62,4,3,False,62,False
1133,52,"Basic",97.09,2,2,True,41,False
1134,61,"Premium",101.65,3,4,True,41,False
1135,57,"Basic",117.56,4,8,False,58,False
1136,39,"Premium",197.33,1,7,False,19,False
1137,44,"Basic",223.56,1,7,False,72,True
1138,52,"Basic",239.06,3,7,False,16,False
1139,18,"Standard",197.79,2,7,False,26,False
1140,52,"Basic",82.27,4,6,True,46,False
1141,54,"Basic",173.59,2,7,True,1,False
1142,64,"Standard",112.21,1,7,True,62,True
1143,31,"Standard",67.39,2,7,True,61,False
1144,20,"Standard",211.01,1,9,False,18,False
1145,18,"Standard",14.41,2,6,False,16,False
1146,22,"Standard",225.93,3,0,True,68,False
1147,43,"Basic",118.06,5,3,False,38,False
1148,31,"Basic",161.11,3,3,False,81,True
1149,56,"Basic",166.54,3,4,True,70,False
1150,44,"Premium",224.3,5,9,True,80,False
1151,26,"Standard",160.98,5,5,True,38,False
1152,32,"Basic",155.41,4,3,True,35,False
1153,32,"Basic",21.33,4,1,True,39,False
1154,43,"Premium",132.01,3,5,False,44,True
1155,59,"Basic",41.79,3,7,True,3,False
1156,30,"Standard",185.67,1,7,True,24,False
1157,68,"Standard",130.49,1,6,False,68,True
1158,49,"Standard",171.66,4,5,False,29,False
1159,56,"Basic",15.21,4,1,False,75,True
1160,66,"Premium",25.77,1,6,True,67,False
1161,69,"Premium",180.5,1,4,True,87,True
1162,49,"Standard",22.66,2,5,False,28,False
1163,21,"Standard",22.46,2,9,True,72,True
1164,47,"Premium",7.97,1,7,True,67,True
1165,54,"Standard",239.34,2,7,False,50,False
1166,40,"Basic",185.69,5,2,False,23,False
1167,56,"Standard",91.55,4,6,False,13,False
1168,62,"Standard",77.65,4,0,False,68,False
1169,32,"Basic",90.68,1,0,False,17,False
1170,60,"Standard",194.79,3,6,True,41,False
1171,46,"Premium",167.04,1,9,True,56,False
1172,53,"Premium",50.37,2,8,True,82,True
1173,30,"Basic",47.66,3,6,True,11,False
1174,49,"Basic",29.11,2,9,False,81,True
1175,24,"Premium",166.77,5,4,False,16,False
1176,68,"Premium",192.27,2,7,False,29,False
1177,39,"Basic",69.94,5,1,True,87,True
1178,45,"Premium",10.13,5,8,True,74,True
1179,19,"Premium",25.13,2,5,True,22,False
1180,59,"Standard",242.13,2,8,True,80,True
1181,62,"Standard",77.38,5,1,True,0,False
1182,23,"Basic",193.46,3,2,False,78,True
1183,45,"Basic",158.04,5,7,False,31,False
1184,45,"Basic",98.58,4,0,False,8,False
1185,61,"Premium",55.39,5,9,False,14,False
1186,61,"Basic",34.74,3,6,False,27,False
1187,37,"Basic",155.68,4,6,True,23,False
1188,47,"Basic",194.79,1,0,True,59,False
1189,28,"Standard",162.76,1,8,True,34,False
1190,45,"Premium",134.92,3,7,False,85,True
1191,42,"Basic",15.28,5,3,False,26,False
1192,56,"Basic",242.28,2,9,True,82,True
1193,50,"Standard",200.68,3,4,False,75,True
1194,18,"Basic",76.74,4,1,False,19,False
1195,44,"Basic",245.09,4,8,True,64,True
1196,69,"Basic",152.46,1,5,True,84,True
1197,30,"Basic",147.69,4,2,False,48,False
1198,58,"Basic",188.28,3,6,False,0,False
1199,20,"Basic",203.88,4,8,True,9,False
1200,56,"Basic",165.84,3,2,False,46,False
1201,23,"Premium",36.38,2,1,True,58,False
1202,25,"Basic",87.88,1,6,False,61,True
1203,44,"Standard",232.38,4,6,False,85,True
1204,26,"Standard",60.03,3,3,False,17,False
1205,54,"Basic",96.18,5,8,False,45,False
1206,50,"Standard",110.86,1,7,False,31,False
1207,68,"Basic",112.65,2,0,False,26,False
1208,59,"Premium",155.17,3,0,True,17,False
1209,61,"Basic",236.05,2,4,False,38,False
1210,41,"Basic",63.97,2,5,True,48,False
1211,32,"Basic",34.77,4,2,False,81,True
1212,49,"Premium",53.38,4,8,False,43,False
1213,49,"Standard",222.3,3,9,False,71,False
1214,41,"Standard",163.22,5,5,False,53,False
1215,58,"Basic",75.05,3,3,False,33,False
1216,69,"Standard",204.91,5,6,True,70,False
1217,66,"Basic",216.04,2,7,False,35,False
1218,66,"Premium",212.4,1,8,True,17,False
1219,69,"Basic",230.14,3,5,True,37,False
1220,29,"Basic",66.8,3,5,True,58,False
1221,56,"Basic",189.99,5,7,False,8,False
1222,19,"Basic",117.83,2,4,False,72,False
1223,20,"Standard",211.29,2,2,False,71,False
1224,66,"Basic",183.48,5,2,False,50,False
1225,54,"Standard",195.23,2,5,True,34,False
1226,66,"Basic",165.76,4,1,True,81,False
1227,34,"Standard",48.47,1,5,False,4,False
1228,66,"Basic",138.53,3,5,False,13,False
1229,19,"Basic",246.24,1,7,False,29,False
1230,19,"Standard",234.66,3,6,True,3,False
1231,45,"Basic",15.58,4,7,False,38,False
1232,40,"Basic",45.38,2,8,False,83,True
1233,54,"Premium",37.27,5,5,True,63,False
1234,49,"Premium",182.87,4,2,False,24,False
1235,50,"Basic",205.36,1,9,False,27,False
1236,18,"Basic",57.31,5,2,False,75,True
1237,36,"Standard",128.93,2,0,True,65,True
1238,19,"Basic",210.97,4,4,False,77,True
1239,61,"Basic",184.54,5,3,True,21,False
1240,43,"Basic",137.85,4,8,True,30,False
1241,49,"Standard",149.64,4,8,False,22,False
1242,23,"Standard",129.55,2,4,False,47,False
1243,49,"Basic",77.9,3,9,True,19,False
1244,21,"Basic",143.43,5,3,False,37,False
1245,28,"Basic",173.78,2,6,False,54,False
1246,34,"Standard",218.96,4,5,False,67,True
1247,55,"Basic",160.89,2,3,False,78,False
1248,41,"Basic",191.47,3,9,False,87,True
1249,22,"Standard",44.22,5,1,False,88,True
1250,69,"Basic",118.08,3,0,True,0,False
1251,51,"Standard",7.29,1,3,True,6,False
1252,23,"Basic",65.44,5,3,False,56,False
1253,39,"Basic",182.98,3,0,False,11,False
1254,28,"Basic",247.99,4,5,False,4,False
1255,65,"Standard",29.3,5,3,True,49,True
1256,33,"Premium",103.37,5,0,True,41,False
1257,50,"Premium",201.02,2,0,False,11,False
1258,26,"Basic",54.99,4,0,True,17,False
1259,23,"Standard",141.0,1,7,False,65,True
1260,33,"Basic",184.6,3,9,True,73,True
1261,46,"Basic",155.92,2,7,False,78,True
1262,20,"Premium",51.07,3,1,False,16,False
1263,37,"Basic",92.07,1,6,True,67,True
1264,53,"Basic",197.03,1,7,False,70,False
1265,36,"Basic",140.79,5,7,True,61,False
1266,43,"Basic",6.28,1,9,False,40,True
1267,20,"Basic",191.44,3,6,False,33,True
1268,36,"Standard",13.65,4,4,False,69,True
1269,37,"Basic",187.7,4,0,False,44,False
1270,49,"Premium",54.61,5,8,False,57,True
1271,24,"Premium",239.73,3,6,True,50,False
1272,69,"Basic",95.15,3,1,True,33,False
1273,58,"Basic",85.1,1,5,False,43,False
1274,50,"Basic",41.48,3,1,False,14,False
1275,57,"Standard",79.87,2,0,False,77,True
1276,56,"Basic",219.78,1,6,False,69,False
1277,35,"Standard",249.1,2,1,False,49,False
1278,57,"Basic",95.24,5,1,False,31,False
1279,18,"Standard",114.91,4,4,False,66,True
1280,28,"Basic",181.91,5,4,False,2,False
1281,45,"Basic",222.12,4,6,False,85,True
1282,42,"Premium",150.3,5,0,True,85,False
1283,67,"Standard",100.92,3,7,True,73,False
1284,40,"Basic",106.09,2,2,True,50,False
1285,48,"Premium",175.43,4,3,True,66,False
1286,47,"Basic",5.79,1,8,True,75,True
1287,59,"Premium",156.8,2,3,False,47,False
1288,52,"Standard",92.1,1,9,False,16,False
1289,24,"Basic",199.58,2,4,False,6,False
1290,33,"Basic",27.78,2,6,False,12,False
1291,43,"Basic",149.11,5,3,True,65,False
1292,65,"Standard",122.84,4,0,True,3,False
1293,69,"Standard",162.37,4,8,True,9,False
1294,66,"Basic",20.89,2,3,False,87,True
1295,19,"Basic",147.1,3,8,True,16,False
1296,18,"Premium",142.56,3,5,True,51,False
1297,65,"Premium",142.36,1,0,False,5,False
1298,29,"Standard",152.85,1,2,False,82,True
1299,22,"Basic",170.73,5,1,True,68,False
1300,54,"Basic",202.22,2,8,False,73,False
1301,49,"Basic",71.11,1,0,False,8,False
1302,26,"Premium",207.14,1,8,False,76,False
1303,58,"Basic",127.07,2,8,False,82,True
1304,52,"Standard",23.88,5,7,True,20,False
1305,36,"Basic",19.34,1,7,True,23,True
1306,65,"Standard",86.89,5,0,False,3,False
1307,33,"Standard",197.3,4,7,False,23,False
1308,20,"Premium",178.38,5,9,False,58,False
1309,37,"Basic",198.21,3,2,False,2,False
1310,41,"Basic",131.73,3,6,False,67,True
1311,50,"Basic",112.85,5,0,False,39,False
1312,41,"Premium",41.13,3,0,False,47,False
1313,69,"Premium",85.41,4,9,False,53,False
1314,28,"Standard",111.33,2,4,True,34,False
1315,66,"Standard",26.71,3,4,False,55,True
1316,25,"Standard",59.05,3,7,True,88,True
1317,53,"Basic",151.57,5,6,True,39,False
1318,55,"Premium",185.24,4,7,False,76,False
1319,57,"Basic",249.6,2,5,True,67,False
1320,37,"Basic",233.61,5,5,True,45,False
1321,52,"Standard",162.43,5,1,True,77,False
1322,65,"Basic",108.21,4,5,False,12,False
1323,42,"Basic",160.86,2,4,False,26,False
1324,52,"Standard",197.48,4,2,False,5,False
1325,42,"Basic",33.99,2,5,True,16,False
1326,46,"Standard",105.43,4,7,False,35,False
1327,35,"Basic",210.75,5,8,False,80,True
1328,63,"Basic",99.04,5,0,True,1,False
1329,35,"Basic",145.11,1,2,False,76,False
1330,19,"Basic",149.0,3,2,True,51,False
1331,52,"Standard",50.2,4,7,False,65,True
1332,33,"Basic",93.75,1,0,False,51,True
1333,58,"Standard",86.96,3,4,False,42,False
1334,53,"Basic",11.42,4,2,True,89,True
1335,50,"Standard",10.93,2,1,False,21,False
1336,21,"Premium",208.77,3,7,False,54,False
1337,50,"Standard",71.9,5,2,False,66,False
1338,31,"Basic",131.93,1,6,False,59,True
1339,38,"Basic",78.19,3,0,True,57,False
1340,65,"Basic",235.47,3,5,True,11,False
1341,37,"Standard",68.53,5,2,False,87,True
1342,25,"Basic",110.27,4,7,False,68,True
1343,24,"Basic",218.82,2,5,False,83,True
1344,20,"Standard",211.27,5,1,True,38,False
1345,34,"Basic",50.59,2,5,False,12,False
1346,50,"Standard",201.65,4,6,True,40,False
1347,65,"Basic",117.26,3,4,False,56,False
1348,29,"Basic",123.33,2,2,False,52,False
1349,68,"Standard",37.7,1,3,False,11,False
1350,39,"Basic",24.75,1,3,True,12,False
1351,39,"Standard",183.35,5,5,False,73,False
1352,63,"Basic",126.63,4,9,True,56,False
1353,47,"Basic",112.03,5,0,True,39,False
1354,55,"Premium",183.73,5,3,False,79,True
1355,55,"Standard",192.55,5,9,False,44,False
1356,62,"Standard",43.93,1,3,True,34,False
1357,68,"Basic",154.51,1,9,False,2,False
1358,25,"Standard",38.16,5,0,False,4,False
1359,44,"Basic",189.09,1,8,False,89,True
1360,44,"Basic",165.95,4,3,True,10,False
1361,51,"Premium",239.37,5,6,False,70,False
1362,38,"Basic",21.89,1,2,True,55,True
1363,47,"Premium",18.98,2,9,True,9,False
1364,50,"Basic",74.14,5,2,True,33,False
1365,45,"Basic",69.12,5,7,False,66,True
1366,64,"Standard",65.51,4,7,True,71,False
1367,50,"Premium",227.03,3,0,True,30,False
1368,22,"Standard",66.14,3,9,True,74,True
1369,65,"Premium",71.63,4,1,False,70,False
1370,36,"Standard",191.05,4,7,False,65,True
1371,21,"Standard",115.19,4,0,True,69,False
1372,52,"Premium",195.29,3,7,False,40,False
1373,66,"Basic",21.01,4,7,False,62,True
1374,34,"Basic",124.45,1,1,False,31,False
1375,61,"Basic",13.24,5,3,True,19,False
1376,45,"Premium",20.35,5,5,False,56,False
1377,47,"Premium",227.08,2,8,False,49,False
1378,46,"Basic",39.12,2,7,False,79,False
1379,63,"Standard",135.44,5,7,True,24,False
1380,23,"Premium",105.72,1,6,False,11,False
1381,52,"Basic",90.1,3,8,False,70,True
1382,58,"Standard",225.46,3,1,False,38,False
1383,54,"Premium",10.35,1,2,True,16,False
1384,41,"Basic",167.63,3,9,True,44,False
1385,46,"Standard",241.03,4,7,False,10,False
1386,66,"Basic",142.24,5,5,False,69,False
1387,63,"Premium",234.52,5,9,True,22,False
1388,48,"Premium",17.8,1,8,False,69,True
1389,52,"Premium",107.6,3,9,True,37,False
1390,50,"Basic",68.74,2,3,False,1,False
1391,69,"Premium",184.05,2,7,False,85,False
1392,38,"Premium",245.42,3,9,False,83,False
1393,49,"Basic",67.85,2,2,False,88,True
1394,40,"Premium",165.27,1,2,True,78,True
1395,50,"Basic",53.53,1,7,False,71,True
1396,20,"Standard",143.51,3,4,True,36,False
1397,35,"Basic",118.66,2,2,False,48,False
1398,42,"Basic",243.14,1,9,False,51,False
1399,59,"Basic",154.09,1,0,False,32,False
1400,48,"Standard",90.63,4,2,True,21,False
1401,20,"Basic",32.95,4,8,False,4,False
1402,57,"Standard",42.06,1,4,True,17,False
1403,63,"Basic",60.2,3,9,True,37,True
1404,41,"Basic",66.49,5,1,False,36,False
1405,67,"Standard",213.4,5,6,False,63,True
1406,49,"Standard",142.5,1,1,False,9,False
1407,64,"Basic",133.23,1,3,True,78,True
1408,39,"Standard",33.12,1,6,True,41,True
1409,40,"Premium",215.73,3,3,False,47,False
1410,19,"Standard",182.09,4,6,False,43,False
1411,44,"Basic",21.58,1,6,True,81,True
1412,59,"Basic",178.42,1,0,False,86,False
1413,19,"Premium",138.17,2,5,False,15,False
1414,43,"Basic",25.02,3,8,False,53,True
1415,34,"Premium",117.28,1,1,False,34,False
1416,57,"Standard",123.75,2,2,False,27,False
1417,50,"Premium",45.61,5,9,False,1,False
1418,26,"Standard",236.7,1,4,False,12,False
1419,60,"Premium",213.24,1,8,True,40,False
1420,65,"Basic",168.91,2,3,False,79,False
1421,56,"Standard",118.26,3,0,False,58,False
1422,46,"Basic",105.88,1,3,False,68,False
1423,59,"Basic",164.49,5,5,True,52,False
1424,43,"Standard",138.63,1,4,False,44,False
1425,52,"Premium",20.26,5,0,False,19,False
1426,67,"Premium",130.56,4,3,True,23,False
1427,42,"Standard",202.57,4,5,False,60,False
1428,41,"Basic",117.51,5,9,False,57,False
1429,30,"Basic",17.73,3,9,True,26,False
1430,24,"Standard",197.64,1,3,False,25,False
1431,53,"Basic",54.33,1,8,False,6,False
1432,62,"Basic",68.36,4,4,False,41,False
1433,37,"Basic",45.35,5,7,True,46,True
1434,18,"Basic",85.9,1,8,True,52,True
1435,25,"Basic",190.4,1,9,False,58,True
1436,63,"Basic",132.25,3,4,True,37,False
1437,33,"Basic",55.2,2,5,False,68,True
1438,31,"Basic",220.07,4,0,True,86,True
1439,29,"Premium",220.5,4,6,True,52,False
1440,68,"Basic",218.29,2,3,True,14,False
1441,40,"Basic",63.51,1,1,False,25,False
1442,32,"Standard",115.55,3,4,False,47,False
1443,45,"Basic",246.32,3,2,True,18,False
1444,51,"Premium",194.14,4,5,True,8,False
1445,19,"Standard",11.66,3,7,True,63,True
1446,49,"Basic",20.98,2,6,False,53,False
1447,40,"Basic",118.66,1,2,False,50,False
1448,39,"Premium",227.76,2,7,False,38,False
1449,68,"Premium",136.98,5,1,False,3,False
1450,42,"Basic",126.96,4,9,False,2,False
1451,39,"Standard",30.84,3,8,True,63,True
1452,39,"Basic",165.91,5,3,False,28,False
1453,66,"Premium",206.42,3,0,True,10,False
1454,69,"Basic",98.2,1,7,True,57,False
1455,59,"Premium",195.02,1,6,False,74,False
1456,23,"Standard",241.3,1,4,False,26,False
1457,32,"Standard",54.92,3,9,False,20,False
1458,60,"Standard",133.22,5,4,False,38,False
1459,54,"Basic",75.35,1,6,False,45,False
1460,50,"Basic",199.25,5,4,True,65,False
1461,25,"Basic",146.51,3,7,False,35,False
1462,61,"Basic",160.47,5,5,False,74,False
1463,61,"Standard",200.49,3,4,False,81,True
1464,22,"Basic",102.01,3,8,False,64,True
1465,56,"Basic",229.2,4,1,True,62,False
1466,21,"Premium",135.59,3,0,False,34,False
1467,23,"Premium",43.7,3,7,False,30,False
1468,62,"Premium",175.5,2,2,True,27,False
1469,49,"Premium",199.35,1,6,False,0,False
1470,69,"Basic",82.61,4,9,False,24,False
1471,47,"Basic",215.01,4,7,False,42,False
1472,64,"Standard",227.01,4,5,False,83,False
1473,52,"Standard",72.84,2,9,True,66,True
1474,57,"Basic",245.96,3,8,True,62,True
1475,69,"Premium",39.47,1,6,True,50,False
1476,33,"Basic",54.49,5,9,False,1,False
1477,30,"Basic",50.14,3,4,True,81,True
1478,67,"Standard",224.03,2,7,True,63,False
1479,59,"Standard",165.3,3,1,False,73,False
1480,47,"Standard",42.27,3,6,False,68,True
1481,36,"Basic",112.88,2,3,False,8,False
1482,34,"Premium",155.75,4,8,True,1,False
1483,36,"Basic",25.45,4,0,True,33,False
1484,45,"Basic",221.19,1,6,True,59,False
1485,43,"Premium",201.88,1,5,False,60,False
1486,54,"Premium",128.78,4,7,False,30,False
1487,43,"Premium",241.95,5,4,False,9,False
1488,40,"Premium",107.35,3,0,True,75,False
1489,26,"Standard",246.11,5,0,False,35,False
1490,29,"Standard",168.64,3,8,True,84,True
1491,18,"Basic",160.49,4,9,True,48,True
1492,18,"Basic",45.66,1,5,False,69,True
1493,64,"Basic",221.07,1,9,False,48,False
1494,51,"Basic",109.73,5,4,True,2,False
1495,49,"Standard",44.75,1,0,True,73,False
1496,65,"Basic",8.09,4,5,False,4,False
1497,42,"Basic",142.14,5,5,True,89,False
1498,57,"Basic",134.21,3,2,True,60,False
1499,62,"Standard",181.24,1,7,True,84,True
1500,18,"Basic",223.11,2,0,True,89,False
1501,33,"Premium",24.45,1,0,True,25,False
1502,56,"Basic",184.22,3,5,False,71,True
1503,22,"Basic",50.92,5,9,True,4,False
1504,39,"Standard",215.25,3,0,False,14,False
1505,46,"Premium",205.67,2,5,False,15,False
1506,20,"Basic",137.49,4,0,False,0,False
1507,29,"Standard",179.01,1,5,False,15,False
1508,43,"Standard",82.02,5,2,False,36,False
1509,33,"Basic",120.44,4,7,True,2,False
1510,68,"Premium",206.3,3,5,False,51,False
1511,54,"Standard",117.52,5,0,False,46,False
1512,39,"Standard",92.66,4,4,False,12,False
1513,46,"Premium",126.08,5,7,False,79,False
1514,31,"Premium",207.92,2,2,False,54,False
1515,45,"Standard",87.13,2,5,False,20,False
1516,22,"Premium",47.57,1,4,True,65,True
1517,64,"Standard",179.44,1,5,False,53,False
1518,66,"Standard",207.36,2,9,False,26,False
1519,47,"Standard",29.66,5,0,False,37,False
1520,63,"Standard",63.77,2,6,True,89,True
1521,69,"Basic",39.78,1,8,False,57,False
1522,22,"Premium",90.25,2,1,True,61,False
1523,29,"Premium",115.34,2,9,True,45,False
1524,33,"Basic",188.46,5,4,False,88,True
1525,43,"Premium",164.53,4,9,True,10,False
1526,43,"Basic",157.13,1,3,False,71,True
1527,65,"Basic",91.33,5,5,True,7,False
1528,38,"Standard",211.15,2,5,False,70,True
1529,56,"Basic",120.47,2,1,True,63,False
1530,53,"Premium",244.88,4,1,True,20,False
1531,50,"Premium",160.36,1,3,True,71,True
1532,47,"Standard",35.93,1,0,True,62,False
1533,54,"Basic",170.66,3,8,True,84,True
1534,40,"Basic",84.65,1,6,True,63,False
1535,27,"Standard",173.15,4,6,False,19,False
1536,22,"Premium",22.06,3,2,True,7,False
1537,53,"Standard",47.85,3,2,False,57,False
1538,51,"Basic",214.66,2,0,True,45,False
1539,69,"Standard",60.66,2,2,False,30,False
1540,48,"Standard",210.08,1,2,False,8,False
1541,27,"Standard",73.42,3,3,False,14,False
1542,36,"Basic",162.51,2,3,True,25,False
1543,49,"Standard",175.07,4,2,True,9,False
1544,18,"Standard",130.6,2,9,False,28,False
1545,22,"Premium",79.8,2,7,True,79,True
1546,62,"Basic",57.1,3,7,True,35,False
1547,21,"Standard",13.13,3,0,True,83,True
1548,33,"Premium",79.47,5,6,True,36,False
1549,41,"Basic",165.02,4,1,True,85,True
1550,33,"Premium",234.88,3,0,False,70,True
1551,19,"Standard",218.45,1,2,True,22,False
1552,66,"Basic",192.69,4,3,False,40,False
1553,45,"Basic",198.17,4,5,True,79,True
1554,49,"Standard",167.92,3,9,True,27,False
1555,44,"Basic",68.77,4,4,False,47,True
1556,37,"Standard",227.26,3,3,True,37,False
1557,41,"Basic",169.33,2,7,False,30,False
1558,29,"Standard",142.31,5,3,False,13,False
1559,67,"Basic",32.19,2,9,True,72,True
1560,52,"Premium",114.53,3,1,False,87,True
1561,50,"Premium",117.79,3,2,True,76,True
1562,50,"Premium",216.82,2,5,False,89,True
1563,68,"Standard",138.93,1,7,True,28,False
1564,60,"Basic",98.2,1,7,False,50,True
1565,54,"Standard",244.32,1,8,True,48,False
1566,29,"Basic",32.13,3,6,False,42,False
1567,20,"Basic",108.52,4,1,False,71,True
1568,18,"Basic",15.3,3,7,False,86,True
1569,50,"Basic",186.28,4,6,False,4,False
1570,57,"Standard",229.93,2,7,False,41,False
1571,27,"Standard",73.61,5,2,False,6,False
1572,60,"Basic",215.29,4,6,True,41,False
1573,61,"Basic",76.59,1,9,True,35,False
1574,46,"Premium",228.14,3,8,True,26,False
1575,30,"Basic",189.72,2,2,True,57,False
1576,29,"Basic",202.2,1,9,True,45,False
1577,48,"Basic",9.41,2,5,False,65,False
1578,63,"Standard",240.89,5,1,True,24,False
1579,19,"Standard",183.03,3,1,False,72,True
1580,68,"Basic",79.66,3,4,True,26,False
1581,67,"Basic",208.2,5,4,True,0,False
1582,52,"Standard",73.97,3,6,False,86,True
1583,40,"Standard",218.82,4,1,False,73,False
1584,34,"Basic",32.58,2,6,False,41,False
1585,43,"Premium",177.4,1,4,False,51,False
1586,25,"Basic",137.47,5,5,True,24,False
1587,46,"Basic",28.65,4,7,False,53,False
1588,43,"Premium",64.26,1,9,True,66,True
1589,27,"Basic",8.04,1,3,True,5,False
1590,43,"Standard",119.85,5,6,False,57,False
1591,51,"Basic",78.81,4,5,True,69,False
1592,68,"Basic",151.6,1,9,True,52,True
1593,58,"Premium",77.82,1,1,False,65,False
1594,24,"Basic",78.48,4,7,False,57,True
1595,21,"Premium",187.08,3,9,True,81,True
1596,67,"Basic",16.79,1,8,True,86,True
1597,62,"Basic",226.21,2,4,True,1,False
1598,28,"Basic",213.8,4,9,True,75,True
1599,46,"Standard",168.61,1,3,False,21,False
1600,53,"Basic",150.34,5,5,True,36,False
1601,42,"Premium",223.61,2,7,False,19,False
1602,38,"Basic",50.41,1,2,True,23,False
1603,53,"Premium",24.35,2,9,False,83,True
1604,27,"Basic",63.68,2,0,True,64,False
1605,54,"Premium",199.67,3,3,False,64,False
1606,26,"Standard",13.49,2,3,True,80,True
1607,41,"Standard",147.79,3,0,False,0,False
1608,52,"Premium",248.88,4,8,True,2,False
1609,66,"Standard",214.65,3,2,True,45,False
1610,52,"Standard",132.75,5,4,False,54,True
1611,65,"Basic",20.59,1,5,False,74,True
1612,53,"Basic",208.69,4,7,False,87,True
1613,35,"Premium",151.75,4,5,False,85,True
1614,66,"Standard",33.16,5,2,False,63,False
1615,56,"Standard",28.0,3,5,True,44,False
1616,49,"Basic",227.86,1,0,True,25,False
1617,41,"Basic",168.95,3,3,True,76,False
1618,40,"Basic",208.18,2,5,False,64,False
1619,49,"Standard",220.35,3,6,True,23,False
1620,54,"Basic",145.08,4,9,True,73,True
1621,29,"Basic",131.77,1,2,False,34,False
1622,66,"Basic",110.45,3,8,False,23,False
1623,30,"Basic",82.65,1,6,True,27,False
1624,40,"Standard",111.48,1,0,True,79,True
1625,42,"Basic",194.6,2,1,True,15,False
1626,52,"Standard",152.47,2,0,True,58,False
1627,58,"Basic",223.67,4,8,True,80,False
1628,47,"Basic",113.63,5,8,False,53,False
1629,34,"Basic",153.74,1,6,False,78,True
1630,66,"Basic",159.67,5,9,False,15,False
1631,37,"Basic",149.97,4,2,True,14,False
1632,65,"Basic",177.15,1,4,False,10,False
1633,42,"Standard",63.17,1,3,True,64,False
1634,39,"Basic",130.53,5,6,False,78,False
1635,30,"Standard",30.54,3,8,False,89,True
1636,36,"Premium",99.21,2,1,True,67,True
1637,66,"Standard",124.48,3,7,True,42,False
1638,53,"Basic",164.79,5,8,False,68,False
1639,29,"Basic",237.88,2,9,True,12,False
1640,58,"Basic",152.16,3,9,False,9,False
1641,36,"Basic",187.18,2,8,True,74,True
1642,29,"Premium",129.04,1,9,False,81,True
1643,26,"Basic",160.36,3,6,True,40,False
1644,24,"Basic",22.38,2,8,True,49,True
1645,45,"Standard",67.33,2,8,False,86,True
1646,31,"Standard",93.65,2,2,True,70,False
1647,48,"Standard",120.76,3,3,True,58,False
1648,69,"Basic",16.18,4,1,True,38,False
1649,36,"Basic",39.31,3,9,True,2,False
1650,64,"Standard",72.82,5,2,True,75,False
1651,33,"Basic",243.03,3,4,True,6,False
1652,22,"Basic",86.18,2,4,False,48,False
1653,52,"Basic",123.1,1,5,True,25,False
1654,29,"Basic",53.04,3,6,False,32,False
1655,42,"Basic",154.64,3,6,True,47,False
1656,69,"Basic",73.77,2,0,True,78,False
1657,38,"Standard",55.71,1,1,False,1,False
1658,53,"Standard",131.56,1,8,True,70,True
1659,40,"Premium",6.35,5,9,False,31,False
1660,33,"Basic",6.88,3,1,True,3,False
1661,56,"Basic",58.67,1,5,False,19,False
1662,62,"Basic",14.0,1,0,False,35,False
1663,59,"Standard",31.47,4,2,False,31,False
1664,56,"Standard",88.02,4,1,False,27,False
1665,31,"Basic",201.63,1,2,False,76,True
1666,48,"Premium",145.15,5,4,True,0,False
1667,22,"Basic",130.6,1,9,True,59,True
1668,52,"Standard",76.9,2,5,False,55,False
1669,40,"Standard",233.28,3,8,True,34,False
1670,46,"Premium",102.27,5,9,True,29,False
1671,60,"Standard",26.34,2,3,False,53,True
1672,28,"Premium",156.18,5,6,True,35,False
1673,35,"Basic",32.89,2,5,False,54,True
1674,64,"Premium",89.58,3,1,False,88,False
1675,29,"Basic",129.32,3,9,False,79,True
1676,26,"Premium",219.18,4,7,False,57,False
1677,27,"Standard",125.92,2,6,True,82,True
1678,61,"Premium",177.05,4,6,True,64,False
1679,34,"Basic",248.24,2,7,False,68,False
1680,55,"Standard",37.21,4,0,True,50,False
1681,24,"Standard",72.31,3,0,False,21,False
1682,63,"Standard",101.67,5,7,False,87,False
1683,30,"Basic",108.35,4,3,False,52,False
1684,57,"Basic",105.7,2,4,True,35,False
1685,59,"Basic",227.36,2,7,False,67,False
1686,26,"Basic",179.94,3,4,False,35,False
1687,67,"Premium",153.94,2,9,False,51,False
1688,44,"Basic",80.8,1,3,True,52,False
1689,19,"Premium",206.83,5,5,False,81,False
1690,22,"Basic",238.99,4,4,False,49,False
1691,46,"Basic",206.19,5,6,False,79,True
1692,54,"Standard",5.38,3,9,False,40,True
1693,55,"Standard",160.92,4,6,True,17,False
1694,36,"Basic",17.53,4,3,False,21,False
1695,25,"Standard",68.11,1,4,False,65,True
1696,65,"Standard",19.58,3,2,True,20,False
1697,62,"Basic",152.93,2,3,False,43,False
1698,18,"Premium",173.21,1,3,False,46,False
1699,39,"Premium",33.05,1,2,False,38,False
1700,69,"Standard",99.04,5,9,False,28,False
1701,34,"Basic",116.78,5,4,False,53,False
1702,24,"Standard",95.42,5,4,False,89,True
1703,42,"Basic",34.65,1,6,True,84,True
1704,62,"Basic",107.64,2,3,True,16,False
1705,21,"Basic",189.04,4,3,False,79,False
1706,53,"Basic",22.4,5,8,False,59,True
1707,23,"Premium",24.64,2,5,False,30,False
1708,48,"Standard",91.92,3,3,False,72,False
1709,36,"Standard",235.72,5,1,True,77,False
1710,61,"Basic",168.8,4,5,False,48,False
1711,56,"Basic",171.27,3,1,True,1,False
1712,44,"Basic",93.67,3,4,False,47,False
1713,27,"Premium",150.45,4,5,False,13,False
1714,43,"Basic",7.48,5,3,True,58,False
1715,36,"Premium",160.84,1,2,True,57,False
1716,56,"Standard",228.76,4,6,False,57,False
1717,20,"Basic",155.08,4,1,False,50,False
1718,62,"Standard",219.06,4,5,True,83,False
1719,30,"Basic",182.37,3,3,False,1,False
1720,67,"Premium",34.54,2,5,False,40,False
1721,45,"Premium",226.1,1,3,False,82,True
1722,37,"Basic",21.28,5,3,False,81,False
1723,45,"Basic",135.82,5,3,False,15,False
1724,25,"Standard",39.82,2,8,False,3,False
1725,58,"Premium",7.87,4,6,False,11,False
1726,56,"Basic",108.4,1,2,False,28,False
1727,18,"Standard",77.28,5,2,True,6,False
1728,20,"Standard",124.07,5,5,False,13,False
1729,30,"Standard",146.41,4,5,True,11,False
1730,45,"Basic",15.72,2,3,True,4,False
1731,66,"Standard",35.14,1,8,True,80,True
1732,42,"Premium",141.87,2,3,True,31,False
1733,50,"Basic",89.08,2,8,False,73,True
1734,55,"Basic",183.65,1,3,True,42,False
1735,23,"Premium",164.81,1,1,False,80,True
1736,61,"Basic",212.17,5,1,False,68,False
1737,62,"Premium",174.66,5,4,False,44,False
1738,49,"Basic",110.33,1,3,True,8,False
1739,62,"Basic",169.88,3,6,False,48,False
1740,64,"Premium",72.47,5,4,False,32,False
1741,38,"Basic",80.05,3,5,False,17,False
1742,33,"Standard",198.3,1,9,False,8,False
1743,38,"Basic",114.37,5,3,False,61,True
1744,28,"Standard",200.6,2,1,False,56,False
1745,54,"Basic",206.49,1,9,True,28,False
1746,53,"Basic",215.1,4,8,False,77,False
1747,52,"Premium",229.58,3,9,True,24,False
1748,36,"Basic",110.59,1,6,False,14,False
1749,37,"Standard",83.12,1,3,True,5,False
1750,35,"Basic",147.64,5,2,True,41,False
1751,64,"Standard",95.94,5,9,False,28,False
1752,58,"Basic",152.26,5,2,False,78,True
1753,66,"Premium",177.87,4,8,True,3,False
1754,31,"Basic",173.66,5,4,False,81,False
1755,32,"Basic",96.77,1,2,False,56,False
1756,48,"Basic",45.88,5,4,True,48,False
1757,18,"Basic",110.48,2,1,False,43,False
1758,20,"Standard",39.94,5,3,True,79,True
1759,33,"Basic",223.07,4,9,False,74,True
1760,40,"Premium",89.74,2,1,False,13,False
1761,28,"Basic",42.84,1,1,True,2,False
1762,29,"Basic",11.23,1,7,False,61,True
1763,27,"Standard",163.23,3,0,True,63,False
1764,49,"Standard",161.04,2,6,False,44,False
1765,33,"Basic",88.45,3,4,False,81,True
1766,25,"Basic",22.57,2,7,False,57,False
1767,55,"Basic",105.36,2,0,True,19,False
1768,29,"Standard",81.25,4,6,True,57,True
1769,41,"Standard",170.89,3,4,True,88,True
1770,45,"Basic",153.42,4,3,True,56,False
1771,25,"Premium",94.33,2,6,False,76,True
1772,45,"Premium",58.38,1,9,False,67,True
1773,53,"Standard",247.07,2,1,False,77,False
1774,43,"Premium",116.23,4,0,False,51,False
1775,25,"Basic",173.63,3,0,False,36,False
1776,67,"Basic",39.44,3,0,False,7,False
1777,45,"Basic",123.97,4,4,False,43,False
1778,45,"Basic",11.75,3,9,False,4,False
1779,54,"Standard",128.84,5,6,True,68,False
1780,58,"Premium",241.18,1,1,True,30,False
1781,53,"Basic",99.13,1,9,False,44,False
1782,44,"Basic",14.55,1,7,True,8,False
1783,34,"Basic",12.58,3,3,True,31,False
1784,26,"Premium",100.06,3,2,False,32,False
1785,50,"Basic",44.21,2,9,False,66,True
1786,37,"Standard",10.72,2,7,False,29,False
1787,30,"Basic",190.27,1,1,True,75,False
1788,45,"Basic",117.34,5,2,True,28,False
1789,65,"Premium",75.86,2,2,False,2,False
1790,46,"Premium",225.52,2,9,False,89,True
1791,30,"Basic",33.45,3,0,False,56,False
1792,63,"Premium",239.2,5,5,False,29,False
1793,52,"Standard",81.92,1,1,False,8,False
1794,23,"Premium",222.66,2,0,False,25,False
1795,35,"Basic",152.72,5,1,True,1,False
1796,68,"Standard",207.54,5,5,False,61,False
1797,22,"Basic",246.08,1,3,False,2,False
1798,64,"Standard",75.66,5,5,False,45,False
1799,42,"Basic",240.48,5,8,False,67,True
1800,19,"Basic",100.42,5,9,False,24,False
1801,27,"Basic",99.45,2,9,True,50,False
1802,47,"Standard",88.39,1,7,False,12,False
1803,67,"Basic",137.64,5,0,True,43,False
1804,62,"Standard",42.77,5,7,False,34,False
1805,22,"Premium",140.66,2,8,True,54,False
1806,50,"Basic",137.72,1,5,True,86,True
1807,18,"Standard",191.67,3,9,False,8,False
1808,35,"Basic",209.24,2,4,False,1,False
1809,49,"Premium",112.91,1,5,False,60,False
1810,64,"Basic",79.07,5,5,True,40,False
1811,66,"Standard",68.54,1,8,False,43,False
1812,28,"Premium",52.68,1,3,True,63,True
1813,38,"Premium",19.12,1,1,False,30,False
1814,43,"Standard",88.9,3,8,False,46,False
1815,42,"Basic",71.21,1,1,False,1,False
1816,39,"Standard",241.77,3,9,True,81,True
1817,44,"Premium",141.64,5,8,False,76,True
1818,66,"Standard",90.08,3,1,True,68,True
1819,30,"Basic",147.21,5,7,False,57,True
1820,50,"Premium",39.1,5,8,True,43,False
1821,51,"Standard",113.79,3,9,False,73,True
1822,58,"Standard",158.43,2,8,True,55,False
1823,52,"Basic",124.78,4,9,False,42,False
1824,18,"Standard",103.44,1,8,False,88,True
1825,38,"Basic",248.49,4,1,False,33,False
1826,65,"Standard",220.68,1,3,True,29,False
1827,23,"Basic",157.73,1,6,False,70,False
1828,45,"Standard",144.5,5,1,False,69,False
1829,34,"Premium",157.06,1,0,False,54,True
1830,22,"Basic",54.32,1,2,True,66,True
1831,48,"Premium",101.81,3,3,False,12,False
1832,22,"Basic",14.67,4,7,False,2,False
1833,55,"Premium",121.51,3,5,True,25,False
1834,20,"Standard",138.04,1,1,True,56,False
1835,40,"Standard",60.8,5,8,False,23,False
1836,54,"Standard",241.19,3,1,True,52,False
1837,54,"Premium",227.82,3,4,True,69,False
1838,27,"Basic",181.93,2,3,False,42,False
1839,27,"Basic",135.68,1,6,False,59,True
1840,36,"Standard",218.14,5,7,True,57,False
1841,34,"Premium",37.01,3,4,False,48,False
1842,38,"Standard",198.67,3,9,True,41,False
1843,31,"Standard",35.58,5,4,True,75,True
1844,26,"Basic",199.58,1,1,True,65,False
1845,63,"Premium",72.56,2,7,False,10,False
1846,18,"Basic",219.89,3,1,True,89,False
1847,68,"Standard",236.29,2,9,True,17,False
1848,62,"Basic",41.46,4,5,False,84,True
1849,30,"Basic",118.36,1,7,False,51,False
1850,21,"Basic",245.34,4,5,True,45,False
1851,18,"Basic",123.43,4,3,False,43,False
1852,66,"Standard",216.57,4,3,True,21,False
1853,57,"Basic",149.24,1,5,False,52,False
1854,49,"Basic",96.96,1,3,False,58,True
1855,51,"Basic",75.02,5,7,False,29,False
1856,45,"Basic",54.79,2,8,True,7,False
1857,48,"Basic",191.64,2,0,True,56,False
1858,25,"Basic",99.7,5,3,True,72,True
1859,56,"Standard",130.26,5,3,True,19,False
1860,43,"Standard",125.62,4,1,True,24,False
1861,51,"Standard",146.43,5,5,False,18,False
1862,20,"Basic",217.07,3,2,False,4,False
1863,67,"Basic",245.28,2,6,False,74,False
1864,29,"Premium",104.86,5,4,False,78,True
1865,18,"Standard",207.74,3,3,False,71,False
1866,61,"Basic",192.31,3,4,False,82,True
1867,22,"Basic",145.51,3,7,True,86,True
1868,47,"Basic",239.23,3,2,False,26,False
1869,47,"Basic",54.12,4,6,False,39,True
1870,34,"Basic",31.77,3,5,False,25,False
1871,65,"Standard",214.22,4,0,False,26,False
1872,64,"Standard",112.59,4,6,True,61,False
1873,40,"Standard",212.51,3,6,True,82,True
1874,32,"Standard",223.81,2,0,False,49,False
1875,54,"Premium",20.3,3,8,True,41,True
1876,38,"Standard",221.45,3,5,False,28,False
1877,31,"Premium",114.84,3,1,False,38,False
1878,19,"Basic",130.06,2,4,False,59,False
1879,28,"Basic",158.52,1,3,False,40,False
1880,68,"Basic",231.96,1,6,True,32,False
1881,56,"Standard",9.68,4,7,True,82,True
1882,55,"Premium",121.83,4,0,False,82,False
1883,51,"Basic",173.49,2,4,False,15,False
1884,55,"Premium",182.06,5,2,False,22,False
1885,67,"Basic",174.67,1,0,True,6,False
1886,51,"Premium",37.94,4,2,True,25,False
1887,35,"Basic",78.35,1,5,False,11,False
1888,47,"Basic",92.89,2,6,True,71,True
1889,32,"Basic",202.09,2,7,False,4,False
1890,44,"Basic",73.3,5,3,True,68,False
1891,68,"Basic",56.62,5,2,False,48,False
1892,51,"Basic",239.57,2,4,False,25,False
1893,69,"Premium",7.17,4,8,False,4,False
1894,55,"Standard",249.47,1,5,True,21,False
1895,50,"Basic",170.82,3,8,False,78,True
1896,41,"Standard",207.97,5,5,False,12,False
1897,32,"Standard",77.18,3,1,False,27,False
1898,47,"Basic",8.51,4,4,False,32,False
1899,59,"Basic",185.78,5,8,False,22,False
1900,68,"Basic",209.37,3,7,False,17,False
1901,34,"Basic",186.42,4,6,False,29,False
1902,22,"Standard",40.0,1,0,True,25,False
1903,46,"Basic",189.59,4,3,True,15,False
1904,21,"Standard",193.39,5,6,True,76,True
1905,27,"Standard",166.34,2,6,False,38,False
1906,34,"Basic",192.7,1,5,False,32,False
1907,27,"Standard",212.25,3,7,False,25,False
1908,34,"Basic",155.33,5,5,True,47,False
1909,37,"Premium",26.71,2,9,True,64,False
1910,41,"Basic",124.47,4,2,False,37,False
1911,22,"Premium",24.02,2,3,False,1,False
1912,51,"Standard",104.85,5,2,True,5,False
1913,23,"Basic",104.74,5,0,False,45,False
1914,19,"Standard",21.17,2,9,True,49,False
1915,30,"Premium",90.46,4,4,True,37,False
1916,60,"Standard",32.19,2,0,False,87,True
1917,60,"Premium",203.02,5,0,True,17,False
1918,65,"Premium",237.18,5,1,False,26,False
1919,28,"Basic",22.72,3,3,True,40,False
1920,68,"Basic",239.0,3,5,True,71,False
1921,64,"Standard",133.03,1,7,True,73,True
1922,40,"Basic",78.39,5,2,False,16,False
1923,33,"Premium",23.83,3,0,False,61,False
1924,48,"Premium",127.65,2,2,False,28,False
1925,28,"Basic",199.66,4,2,True,57,False
1926,33,"Basic",178.24,2,4,True,69,False
1927,25,"Standard",17.31,4,3,False,77,True
1928,21,"Basic",22.86,3,3,False,21,False
1929,57,"Premium",103.7,1,8,False,5,False
1930,21,"Basic",77.35,2,6,True,25,False
1931,42,"Standard",61.93,2,3,False,38,False
1932,20,"Basic",73.85,2,2,False,11,False
1933,49,"Standard",201.85,4,5,True,13,False
1934,20,"Basic",232.66,3,2,False,21,False
1935,44,"Standard",104.25,2,5,True,50,False
1936,46,"Basic",227.0,2,8,False,22,False
1937,49,"Standard",83.77,1,5,False,47,False
1938,67,"Premium",121.73,1,3,False,70,False
1939,68,"Basic",60.38,3,4,False,49,False
1940,36,"Basic",161.92,3,5,True,88,True
1941,38,"Basic",244.85,5,2,False,12,False
1942,22,"Standard",152.86,1,7,True,84,True
1943,35,"Standard",92.66,5,3,True,9,False
1944,45,"Standard",163.72,4,7,False,54,False
1945,59,"Basic",35.12,5,9,False,8,False
1946,39,"Basic",222.72,2,9,False,78,True
1947,38,"Standard",128.26,5,2,True,51,True
1948,23,"Basic",115.09,3,9,False,1,False
1949,18,"Premium",148.54,4,6,False,24,False
1950,22,"Basic",158.07,2,8,True,12,False
1951,58,"Standard",22.59,5,3,True,50,False
1952,29,"Basic",172.24,4,7,True,57,False
1953,43,"Basic",64.27,4,2,True,33,False
1954,63,"Standard",179.92,2,6,False,34,False
1955,51,"Standard",206.52,5,2,False,2,False
1956,66,"Premium",201.97,4,6,False,58,False
1957,31,"Basic",140.36,4,9,False,69,True
1958,43,"Basic",132.44,1,9,True,47,True
1959,62,"Standard",40.0,4,5,False,63,False
1960,44,"Standard",194.96,1,1,False,18,False
1961,26,"Basic",71.5,5,2,False,66,False
1962,43,"Basic",126.69,5,5,True,81,True
1963,64,"Basic",74.65,5,3,False,72,False
1964,39,"Premium",37.79,3,5,True,75,True
1965,64,"Basic",159.24,5,0,True,4,False
1966,47,"Basic",18.31,4,9,False,66,True
1967,60,"Basic",188.42,2,0,True,10,False
1968,65,"Basic",82.81,1,2,False,67,False
1969,34,"Basic",5.03,3,7,False,68,True
1970,43,"Standard",130.23,5,7,False,0,False
1971,53,"Basic",16.48,5,3,True,62,False
1972,18,"Premium",72.66,2,5,True,28,False
1973,25,"Basic",178.21,2,7,True,81,True
1974,66,"Standard",20.36,3,6,False,11,False
1975,52,"Premium",210.64,1,6,True,76,False
1976,69,"Standard",5.94,5,3,True,40,False
1977,32,"Standard",65.47,3,8,True,1,False
1978,64,"Basic",186.52,4,9,True,36,False
1979,39,"Basic",82.49,4,5,False,44,False
1980,31,"Standard",29.96,3,2,False,79,True
1981,43,"Premium",93.26,5,4,True,47,False
1982,45,"Standard",71.25,3,4,False,23,False
1983,40,"Standard",211.46,5,4,False,21,False
1984,31,"Standard",81.77,2,7,False,10,False
1985,41,"Basic",198.29,3,8,False,57,True
1986,19,"Basic",223.51,5,8,False,45,False
1987,62,"Standard",111.29,3,5,False,28,False
1988,43,"Premium",227.94,3,5,True,34,False
1989,31,"Basic",97.44,5,8,False,14,False
1990,68,"Standard",241.2,5,3,False,59,False
1991,24,"Basic",26.88,1,5,True,41,False
1992,20,"Standard",173.32,3,3,True,42,False
1993,64,"Basic",125.98,4,0,False,79,True
1994,40,"Basic",99.97,3,6,False,73,True
1995,63,"Standard",160.01,3,9,False,48,True
1996,60,"Basic",177.44,5,5,False,63,False
1997,64,"Standard",6.07,3,8,False,31,False
1998,62,"Standard",45.9,3,6,False,63,False
1999,35,"Premium",179.7,4,6,False,1,False
2000,55,"Basic",168.26,5,1,False,23,False
